<?xml version="1.0" encoding="UTF-8"?>
<project-private xmlns="http://www.netbeans.org/ns/project-private/1">
    <editor-bookmarks xmlns="http://www.netbeans.org/ns/editor-bookmarks/2" lastBookmarkId="0"/>
    <open-files xmlns="http://www.netbeans.org/ns/projectui-open-files/2">
        <group>
            <file>file:/C:/kuliah/semester%204/PBO%20(praktik)/Tubes-PBO-GUI-Kelompok-3-syahran/GUI/PerpustakaanKampus/src/ControllerPerpustakaan/ControllerApp.java</file>
            <file>file:/C:/kuliah/semester%204/PBO%20(praktik)/Tubes-PBO-GUI-Kelompok-3-syahran/GUI/PerpustakaanKampus/src/GUIPerpustakaan/MenuLaporan.java</file>
            <file>file:/C:/kuliah/semester%204/PBO%20(praktik)/Tubes-PBO-GUI-Kelompok-3-syahran/GUI/PerpustakaanKampus/src/GUIPerpustakaan/MenuHomeMahasiswa.java</file>
            <file>file:/C:/kuliah/semester%204/PBO%20(praktik)/Tubes-PBO-GUI-Kelompok-3-syahran/GUI/PerpustakaanKampus/src/GUIPerpustakaan/MenuAdmin.java</file>
            <file>file:/C:/kuliah/semester%204/PBO%20(praktik)/Tubes-PBO-GUI-Kelompok-3-syahran/GUI/PerpustakaanKampus/src/GUIPerpustakaan/MenuMahasiswa.java</file>
            <file>file:/C:/kuliah/semester%204/PBO%20(praktik)/Tubes-PBO-GUI-Kelompok-3-syahran/GUI/PerpustakaanKampus/src/GUIPerpustakaan/MenuListBuku.java</file>
            <file>file:/C:/kuliah/semester%204/PBO%20(praktik)/Tubes-PBO-GUI-Kelompok-3-syahran/GUI/PerpustakaanKampus/src/GUIPerpustakaan/MenuUpdateBuku.java</file>
            <file>file:/C:/kuliah/semester%204/PBO%20(praktik)/Tubes-PBO-GUI-Kelompok-3-syahran/GUI/PerpustakaanKampus/src/GUIPerpustakaan/MenuHome.java</file>
            <file>file:/C:/kuliah/semester%204/PBO%20(praktik)/Tubes-PBO-GUI-Kelompok-3-syahran/GUI/PerpustakaanKampus/src/GUIPerpustakaan/MenuRiwayatPeminjaman.java</file>
            <file>file:/C:/kuliah/semester%204/PBO%20(praktik)/Tubes-PBO-GUI-Kelompok-3-syahran/GUI/PerpustakaanKampus/src/GUIPerpustakaan/MenuHomeAdmin.java</file>
            <file>file:/C:/kuliah/semester%204/PBO%20(praktik)/Tubes-PBO-GUI-Kelompok-3-syahran/GUI/PerpustakaanKampus/src/GUIPerpustakaan/MenuPeminjamanBuku.java</file>
            <file>file:/C:/kuliah/semester%204/PBO%20(praktik)/Tubes-PBO-GUI-Kelompok-3-syahran/GUI/PerpustakaanKampus/src/GUIPerpustakaan/MenuKonfirmasi.java</file>
            <file>file:/C:/kuliah/semester%204/PBO%20(praktik)/Tubes-PBO-GUI-Kelompok-3-syahran/GUI/PerpustakaanKampus/src/GUIPerpustakaan/MenuPengembalianBuku.java</file>
            <file>file:/C:/kuliah/semester%204/PBO%20(praktik)/Tubes-PBO-GUI-Kelompok-3-syahran/GUI/PerpustakaanKampus/src/GUIPerpustakaan/MenuDetailBuku.java</file>
        </group>
    </open-files>
</project-private>
